"","gene","baseMean","log2FoldChange","lfcSE","stat","pvalue","padj","gene_annotation"
"1","F3",11438.5114701924,1.39120755314135,0.0795655063092148,17.4850587606985,1.86220960670456e-68,8.98267840620721e-65,"coagulation factor III, tissue factor"
"2","MIR3193",21.8041731801807,-1.39649302948497,0.356097926246415,-3.9216544847796,8.79430368709512e-05,0.00112422587151902,"microRNA 3193"
"3","RNF39",726.630554696666,1.53575425468532,0.120095417209777,12.78778400014,1.91867056760502e-37,8.16620052465067e-35,"ring finger protein 39"
"4","HSD11B2",98.658062085406,-1.05993659995585,0.24225745878988,-4.37524856923055,1.21294179751371e-05,0.000206743000610375,"hydroxysteroid 11-beta dehydrogenase 2"
"5","TRIM69",15.3356442838489,2.99739390009061,0.873510735156358,3.43143338651021,0.000600400565538135,0.0055129419948619,"tripartite motif containing 69"
"6","AQP11",8.86071803897237,-1.44315704001292,0.521839989136626,-2.76551638443922,0.0056832749961496,0.0339565121673332,"aquaporin 11"
"7","IL18BP",62.1679201120673,-1.02968000895407,0.308813887752804,-3.33430603282419,0.000855125177685636,0.00742768094014937,"interleukin 18 binding protein"
"8","MAFA",10.932239520871,-1.33655425760582,0.487140808292927,-2.74367130581703,0.00607563388135685,0.0359887424875624,"MAF bZIP transcription factor A"
"9","SIX2",744.577657672626,-1.02948469167331,0.101440835219154,-10.1486219967452,3.3607514100032e-24,6.94763337916518e-22,"SIX homeobox 2"
"10","HMGN2P46",29.4538019629135,1.27946089378395,0.340926859861945,3.75288967933491,0.000174807797505954,0.00198092688935682,"high mobility group nucleosomal binding domain 2 pseudogene 46"
"11","NFIL3",529.13526434516,1.04250196474439,0.0952343106252871,10.9467056347608,6.89083846884243e-28,1.74942672776524e-25,"nuclear factor, interleukin 3 regulated"
"12","IL4I1",29.498842717701,1.73617795411139,0.596075055364661,2.91268345904737,0.00358337639529953,0.0234850723806066,"interleukin 4 induced 1"
"13","FAM111B",550.793052928821,-1.03519856656763,0.23451768951918,-4.4141598388166,1.01403020073694e-05,0.000177651707443877,"family with sequence similarity 111 member B"
"14","EDN2",4280.37673680347,3.95536848513947,0.662411629051937,5.97116401896584,2.35566767034857e-09,1.0115390758936e-07,"endothelin 2"
"15","CCL20",140.080852762429,1.11812732926479,0.429512284324182,2.60324877791123,0.00923449179540701,0.0494934558412351,"C-C motif chemokine ligand 20"
"16","UCA1",254.530647438966,1.44816290529437,0.178692734193826,8.10420698876072,5.30906537163243e-16,5.77650263104458e-14,"urothelial cancer associated 1"
"17","JUN",3983.79913358099,1.73870618781524,0.102886232054232,16.8993086159357,4.55212706773114e-64,1.31747661594275e-60,"Jun proto-oncogene, AP-1 transcription factor subunit"
"18","NOS1",91.1125024559527,-1.00102499100879,0.211727757738431,-4.72788736678284,2.26867966565286e-06,4.92204849200338e-05,"nitric oxide synthase 1"
"19","SLC26A8",15.8698579259523,1.00954668238283,0.387401973980972,2.60594098684799,0.00916222458932247,0.0491972363755419,"solute carrier family 26 member 8"
"20","FAM169B",15.0975863184413,2.02662416173527,0.499338530375377,4.05861762802835,4.93640665050584e-05,0.000679573755020608,"family with sequence similarity 169 member B"
"21","SMIM6",47.8267777358774,1.06081480577166,0.281619904381974,3.7668317802311,0.000165332320725592,0.00190184738729733,"small integral membrane protein 6"
"22","C6orf222",15.3007824764862,2.18187181086039,0.403510141455756,5.40722917889693,6.4007220535504e-08,2.06291422799394e-06,"chromosome 6 open reading frame 222"
"23","SPOCD1",43.1111150410451,1.00259366762652,0.252347786635364,3.97306305315544,7.09542567827199e-05,0.000930896690754977,"SPOC domain containing 1"
"24","RGS2",119.17352992704,-1.69055984708686,0.208950401818311,-8.09072312077605,5.93115431756386e-16,6.40520403951243e-14,"regulator of G protein signaling 2"
"25","EGR3",230.436344429374,2.21813071859229,0.17775118715313,12.4788517821904,9.73808027134638e-36,3.91443776685149e-33,"early growth response 3"
"26","HMOX1",255.179234239562,1.06746774575533,0.160756218982266,6.64028895748716,3.13068793220284e-11,1.96122013276655e-09,"heme oxygenase 1"
"27","CSF2",15.2322288612267,2.7054371355578,0.449753662411723,6.0153754414147,1.79470256834833e-09,8.06557169769213e-08,"colony stimulating factor 2"
"28","SLC2A1-AS1",97.420507271489,1.09433123229644,0.182494913535917,5.99650264817416,2.01612323926755e-09,8.93286587197839e-08,"SLC2A1 antisense RNA 1"
"29","GPR83",31.9309053076757,1.19418132198558,0.300359448613172,3.97584070519303,7.01310593449272e-05,0.000922411676281623,"G protein-coupled receptor 83"
"30","LAG3",106.296371743952,1.32124004722871,0.450687823313269,2.93160804193799,0.00337212047587901,0.0223229439187763,"lymphocyte activating 3"
"31","CCL5",227.414525394727,2.11469242559959,0.506773328467951,4.17285659447117,3.00804284731614e-05,0.000446913634943653,"C-C motif chemokine ligand 5"
"32","ADM",3976.1715837596,3.17694591198369,0.220424679603323,14.4128412376551,4.29664655951892e-47,3.65745719781167e-44,"adrenomedullin"
"33","FAM57B",8.46011652324069,2.28025608363664,0.564041164396321,4.04271217700421,5.28364635239062e-05,0.00072199854924877,"family with sequence similarity 57 member B"
"34","DDIT4L",32.1321165986371,-1.02421490142931,0.331653222779524,-3.08821030848292,0.00201365911705149,0.014776704403069,"DNA damage inducible transcript 4 like"
"35","GBP1",3883.30054639668,1.91889756834038,0.163733896490954,11.7196109630629,1.01135363327625e-31,3.40355777375364e-29,"guanylate binding protein 1"
"36","GSN-AS1",22.248565804137,1.04082077829336,0.345528122584503,3.01226068230905,0.00259309810397708,0.0180320627883961,"GSN antisense RNA 1"
"37","MAB21L3",84.4929425269757,1.22488715972863,0.197004531017029,6.2175583140408,5.04950528688038e-10,2.48542146280428e-08,"mab-21 like 3"
"38","SPRR2D",54.802152805269,1.77942457597141,0.272928638296393,6.5197429887845,7.04279616808378e-11,4.24651263951418e-09,"small proline rich protein 2D"
"39","RPS16P5",83.7372803595443,-1.26807582623618,0.225280285333875,-5.62888059359851,1.81382904164541e-08,6.59971839337569e-07,"ribosomal protein S16 pseudogene 5"
"40","E2F2",103.897424826423,-1.06159903399137,0.179510655965561,-5.91384967249539,3.34202926135302e-09,1.39776027286242e-07,"E2F transcription factor 2"
"41","IL1A",145.176996016255,1.58434543319293,0.17900102280477,8.85104123075833,8.67065164871305e-19,1.26740404049017e-16,"interleukin 1 alpha"
"42","SPC25",16.2642748000054,-1.39767834469555,0.423910169102187,-3.29710973354506,0.000976853274658849,0.00829580031548603,"SPC25 component of NDC80 kinetochore complex"
"43","PLCD4",38.7980876358585,-1.09619639621577,0.30234670045262,-3.62562711805599,0.000288261053069244,0.00301089549510023,"phospholipase C delta 4"
"44","OR7E91P",23.3123894412708,1.04050412928541,0.356106192381237,2.92189282732685,0.00347911234055023,0.022915901083342,"olfactory receptor family 7 subfamily E member 91 pseudogene"
"45","MAP3K8",852.927785112862,1.47412574260457,0.113515936056336,12.9860686861886,1.46775005628109e-38,7.07993702148121e-36,"mitogen-activated protein kinase kinase kinase 8"
"46","EREG",301.555937061424,1.10077589689597,0.148128334307564,7.43123118235024,1.0759147604044e-13,9.15856617518356e-12,"epiregulin"
"47","FOXD2",65.9457108186283,-1.16398703864573,0.217792179506608,-5.34448500989639,9.06744792702534e-08,2.81577336806832e-06,"forkhead box D2"
"48","KRT86",30.7934938083166,1.20420741501223,0.37312075005895,3.2273933165657,0.00124923614880816,0.0101788830570962,"keratin 86"
"49","CXCL2",242.417609941817,1.47507734069413,0.188388283133664,7.82998452004336,4.87930039987901e-15,4.86954179907925e-13,"C-X-C motif chemokine ligand 2"
"50","UBD",67.4938019933862,1.7468188753805,0.276446650026239,6.31882815441859,2.63554148303301e-10,1.38686984730803e-08,"ubiquitin D"
"51","ADAMTS3",18.3538405944533,1.02247944351354,0.36621967906269,2.79198388827847,0.00523859645048659,0.0319324891470057,"ADAM metallopeptidase with thrombospondin type 1 motif 3"
"52","C1QTNF4",9.30619896170154,1.4788493821364,0.518446325444695,2.8524638126578,0.00433817514968857,0.0274378201884368,"C1q and TNF related 4"
"53","HIF1A-AS2",37.8218577646983,2.11990807750504,0.413245761737685,5.12989671954746,2.89901191016345e-07,7.81221626666206e-06,"HIF1A antisense RNA 2"
"54","PPP1R15A",3770.32241765877,1.04844362457486,0.0908076257364063,11.5457662952036,7.75472374979868e-31,2.49374683074082e-28,"protein phosphatase 1 regulatory subunit 15A"
"55","S1PR4",74.0430471337579,1.63119584155964,0.224106442943196,7.2786655311516,3.37138382142654e-13,2.77200541362861e-11,"sphingosine-1-phosphate receptor 4"
"56","CXCL3",123.74549533265,1.14935175184484,0.370908282964496,3.09874921815876,0.00194339444416055,0.014407203381889,"C-X-C motif chemokine ligand 3"
"57","IRS2",2560.89019712237,1.50908141422515,0.0916240028077742,16.4703720420421,5.9900851922421e-61,1.23832175452765e-57,"insulin receptor substrate 2"
"58","C1QTNF1",22.705489832678,1.08637918804448,0.342049502974017,3.1760876089535,0.00149275862380657,0.011698399941216,"C1q and TNF related 1"
"59","SLC2A1",15162.2893975916,1.02136675757521,0.0762423397663791,13.396319691983,6.35365436406938e-41,3.67774929209792e-38,"solute carrier family 2 member 1"
"60","PRDM1",1015.23635197968,1.92796658663628,0.127480296148652,15.1236437699213,1.1310691503335e-51,1.48797287949783e-48,"PR/SET domain 1"
"61","SSUH2",12.0110929800906,1.41217158836475,0.473585793382796,2.98187067284617,0.00286492994581433,0.0195650784548746,"ssu-2 homolog"
"62","EGR2",70.7017788811811,2.09530770111639,0.273835785946368,7.65169422205016,1.98348442979536e-14,1.87316717327191e-12,"early growth response 2"
"63","TNFAIP3",2727.66131839492,1.7252798694773,0.134846540027813,12.7943947921945,1.76219925616557e-37,7.72751073817331e-35,"TNF alpha induced protein 3"
"64","GATA3",40.1077558108562,-1.3674734691723,0.336392170662785,-4.06511681433609,4.80084104265003e-05,0.000663283655663068,"GATA binding protein 3"
"65","USH2A",22.6022154813273,1.17694575250448,0.307112092463121,3.83230026230833,0.000126950660595004,0.00153219600456239,"usherin"
"66","USP13",1026.29951159087,1.0181956456816,0.119370565632592,8.52970445675423,1.46722068397943e-17,1.91280635296093e-15,"ubiquitin specific peptidase 13"
"67","IL32",181.680565390389,1.26846531821256,0.297593037580965,4.26241597761658,2.02228546278511e-05,0.000318705851864897,"interleukin 32"
"68","MMP10",681.55442876338,1.6968545921439,0.237740989598403,7.13740863538199,9.51067947520742e-13,7.28195993046172e-11,"matrix metallopeptidase 10"
"69","KLHDC8A",26.1443548161651,1.01109335489155,0.371874082099197,2.71891321165491,0.00654967908084282,0.0379881386688884,"kelch domain containing 8A"
"70","TAGLN",163.864024383473,1.69757986655169,0.192716203816404,8.80870333129294,1.26601754139682e-18,1.81391483579736e-16,"transgelin"
"71","GNAZ",108.021039649026,1.08329554413521,0.18232059119433,5.94170706138484,2.82069150485188e-09,1.19351540253543e-07,"G protein subunit alpha z"
"72","ZNF485",41.0816199139485,-1.22613759893396,0.22474240934418,-5.45574643660691,4.87675434744165e-08,1.61861266426211e-06,"zinc finger protein 485"
"73","NKPD1",12.6201806249595,-2.63785009689325,0.59634695522205,-4.4233479751918,9.7183023716561e-06,0.000171134209724451,"NTPase KAP family P-loop domain containing 1"
"74","SLC6A12",28.5280557512948,1.14686203164047,0.294374629448182,3.89592687994311,9.78239004531417e-05,0.00122776206717902,"solute carrier family 6 member 12"
"75","SNAI2",176.739296464904,-1.26708105437705,0.145351732623412,-8.71734400070687,2.8480382237631e-18,4.04058442510547e-16,"snail family transcriptional repressor 2"
"76","HAS2",196.522810376495,-1.49510113298036,0.196794816222895,-7.59725871685038,3.02469455961472e-14,2.80579198539645e-12,"hyaluronan synthase 2"
"77","MYBL2",111.533527019938,-1.02370073400262,0.198061377889558,-5.16860351528733,2.35849644684398e-07,6.53827626097302e-06,"MYB proto-oncogene like 2"
"78","PDE3B",21.4231645899494,1.22510545209036,0.347262637360547,3.52789307079525,0.000418881330602581,0.00412075576828685,"phosphodiesterase 3B"
"79","SIK1",4160.41195862733,1.14610936308352,0.0793391719270543,14.4456935363186,2.66857554717471e-47,2.41355979644783e-44,"salt inducible kinase 1"
"80","NCF1",31.5484360168961,1.25806686453978,0.44101797219142,2.85264307549292,0.00433572896103243,0.0274343392195454,"neutrophil cytosolic factor 1"
"81","DMRT3",38.8967350033822,-1.43215789919973,0.324982268970574,-4.40688011606384,1.04870192179519e-05,0.000182620523589629,"doublesex and mab-3 related transcription factor 3"
"82","PHF19",132.926947205448,-1.10909659270501,0.14714626004665,-7.53737534581845,4.79524637800938e-14,4.31006275379961e-12,"PHD finger protein 19"
"83","LAPTM5",20.2536578549885,1.69484384916941,0.461062708473088,3.67595083710471,0.000236965157974986,0.0025419739073803,"lysosomal protein transmembrane 5"
"84","RAP2B",2180.70107756382,1.00983711294394,0.0775011519749741,13.0299626161689,8.26481374054845e-39,4.12414205653368e-36,"RAP2B, member of RAS oncogene family"
"85","KLK14",67.4141223792669,1.28217828840879,0.255812199722061,5.01218585275397,5.38151880848695e-07,1.37105561052138e-05,"kallikrein related peptidase 14"
"86","ARTN",462.133104154487,1.198219202693,0.129427304975183,9.25785484695641,2.08580451459184e-20,3.820718624134e-18,"artemin"
"87","SPNS2",832.207261094912,1.13928484548339,0.0854038334261612,13.3399731578606,1.35508319382231e-40,7.54208034530871e-38,"sphingolipid transporter 2"
"88","IL17C",18.8786017896261,1.71094644625694,0.493923076515287,3.4639937423616,0.000532218891261589,0.00498817330015962,"interleukin 17C"
"89","BCL2A1",40.4570305321872,1.69196775012402,0.414582043565822,4.08114093792243,4.48151687258473e-05,0.000628411149836954,"BCL2 related protein A1"
"90","LEMD1",28.7062072548038,1.42621149177443,0.338482350735524,4.21354758579072,2.5139059255562e-05,0.000382934027881302,"LEM domain containing 1"
"91","IFFO2",3371.27264417073,1.35161577948808,0.0801155605849485,16.8708272103387,7.37562194024297e-64,1.77887708495427e-60,"intermediate filament family orphan 2"
"92","CACNA1E",9.34765536921313,1.12696618606111,0.423752249519121,2.65949310555874,0.00782583316907391,0.04360709733911,"calcium voltage-gated channel subunit alpha1 E"
"93","MAFB",527.408309610716,-1.32832283323756,0.136378215450807,-9.73999277558154,2.03568830022184e-22,3.87611123585662e-20,"MAF bZIP transcription factor B"
"94","SAP25",29.1286757232831,-1.20933041635143,0.356895217041222,-3.38847470800304,0.000702825103243485,0.0062897848293361,"Sin3A associated protein 25"
"95","PPP1R1B",23.1922507818418,2.23136506929659,0.370755771780453,6.01842301356786,1.76124442488429e-09,7.9398654431466e-08,"protein phosphatase 1 regulatory inhibitor subunit 1B"
"96","FBN3",20.0043635099583,1.40755750008049,0.37471008484997,3.75639075912265,0.000172381465973332,0.0019611102154875,"fibrillin 3"
"97","MIR3064",47.0091525534903,-1.17964840784993,0.330846739223415,-3.56554340121012,0.000363103063805156,0.00365400864834799,"microRNA 3064"
"98","LTF",56.3248767791376,1.22169586253158,0.341293972200064,3.57959988175657,0.000344120701688403,0.00349702996778994,"lactotransferrin"
"99","SNORD2",31.733697210307,-1.03248615640268,0.358053101431573,-2.88361182258883,0.00393143038086334,0.0252964557765555,"small nucleolar RNA, C/D box 2"
"100","DLC1",115.17870402677,2.35743512631496,0.206775624196393,11.4009334295415,4.13659879020812e-30,1.22164736924697e-27,"DLC1 Rho GTPase activating protein"
"101","SEMA7A",244.98965611345,1.15281956068941,0.178901480711001,6.44387936929202,1.16457660217248e-10,6.71417849005496e-09,"semaphorin 7A (John Milton Hagen blood group)"
"102","DUSP5",3479.09467172797,2.48548221392004,0.143977645449343,17.2629730550395,8.93877640045712e-67,3.23382583227538e-63,"dual specificity phosphatase 5"
"103","GADD45B",1264.82878087622,1.50596124702165,0.108326945261269,13.9020004984862,6.15954010173939e-44,4.24450975296527e-41,"growth arrest and DNA damage inducible beta"
"104","TXNIP",24614.9007752077,-2.13100215842694,0.150555735339608,-14.154240976739,1.75825893387248e-45,1.33914552800361e-42,"thioredoxin interacting protein"
"105","FLRT3",522.726988987125,-1.00501468089647,0.11278401349846,-8.91096751854989,5.05891370716772e-19,7.47015716902287e-17,"fibronectin leucine rich transmembrane protein 3"
"106","RND3",4864.9353237602,1.19405788135357,0.106244094672099,11.2388164729418,2.62882999166296e-29,7.60835976187095e-27,"Rho family GTPase 3"
"107","EFNA1",3886.45293597284,1.68719272348686,0.112929518563277,14.9402277185968,1.80357852088886e-50,2.1749653979819e-47,"ephrin A1"
"108","ICAM1",1365.50534565287,1.27779210389976,0.163189282145487,7.83012270842993,4.87394032532305e-15,4.86954179907925e-13,"intercellular adhesion molecule 1"
"109","C1orf220",15.7062321292939,-1.49263253859159,0.473653215851225,-3.15131933794455,0.00162534678535452,0.0124751369916256,"chromosome 1 open reading frame 220 (putative)"
"110","PCDHGB8P",21.8554906709466,-1.07682846174484,0.391574957465786,-2.74999317809779,0.00595965054206122,0.0353451241779376,"protocadherin gamma subfamily B, 8 pseudogene"
"111","ATF3",1580.01041183604,1.27215735190123,0.116276736913969,10.9407727260395,7.35701594376361e-28,1.83557547796902e-25,"activating transcription factor 3"
"112","VEGFA",3448.19835202809,1.06887912240219,0.102660728866535,10.4117624548701,2.19126730117716e-25,4.6632101640198e-23,"vascular endothelial growth factor A"
"113","RNASE7",46.6141002170701,1.19531752800304,0.256689508359917,4.65666686433877,3.21369824648964e-06,6.55006018661291e-05,"ribonuclease A family member 7"
"114","PTHLH",2271.20477461399,1.17899990693647,0.129113050779542,9.1315316292045,6.75369300559355e-20,1.12336426993039e-17,"parathyroid hormone like hormone"
"115","NAV3",12.6899099419077,1.18443376037613,0.448615979306659,2.64019521151851,0.00828582848276485,0.0454354770648314,"neuron navigator 3"
"116","MEX3B",70.8344062753614,-1.90891946047264,0.220510981829756,-8.65679996811413,4.85193072225049e-18,6.75118168093143e-16,"mex-3 RNA binding family member B"
"117","PCDH18",11.8912830803251,-1.42309150254194,0.502991922599378,-2.82925319195512,0.00466567712185263,0.0290896224172036,"protocadherin 18"
"118","EDN1",178.266641979911,2.69083414256072,0.185083441303339,14.5384920639693,6.90980357003507e-48,6.6661178307985e-45,"endothelin 1"
"119","SLC10A6",38.034570545733,1.15193421029971,0.26501030490252,4.34675251863671,1.38167963976155e-05,0.000231415347997562,"solute carrier family 10 member 6"
"120","CDC20",1495.52510927039,1.04825063444755,0.144386256866944,7.2600443919918,3.86963305741142e-13,3.16369830360456e-11,"cell division cycle 20"
"121","ZNF556",12.6717331507721,-2.1649128181122,0.493338241118035,-4.38829313779921,1.14243725891763e-05,0.000196292109856812,"zinc finger protein 556"
"122","PPP1R3G",39.553626057724,1.75840384277429,0.30102858229574,5.84131855308935,5.1789265632666e-09,2.09341470103438e-07,"protein phosphatase 1 regulatory subunit 3G"
"123","PTGS2",321.959908532614,1.40773855509637,0.168233776379205,8.36775221595975,5.87277241797494e-17,6.96597456233733e-15,"prostaglandin-endoperoxide synthase 2"
"124","PDGFB",82.3967116225482,1.84373148070613,0.204661779493332,9.00867511887433,2.08560737043284e-19,3.28052437581887e-17,"platelet derived growth factor subunit B"
"125","ANKRD37",1301.15869535862,1.93696892197941,0.149968119258967,12.9158712635092,3.66274490087084e-38,1.65636192064068e-35,"ankyrin repeat domain 37"
"126","FOSL1",299.742180460513,1.079803165673,0.139674199199714,7.73087063938728,1.06813522305179e-14,1.0304656541855e-12,"FOS like 1, AP-1 transcription factor subunit"
"127","SHISA8",178.875586223726,1.12991658792243,0.179557153062927,6.29279629715698,3.11797395830987e-10,1.62888812818419e-08,"shisa family member 8"
"128","FBXO32",2548.77600696795,1.07247901206159,0.067490147380617,15.8908974670517,7.32709941015834e-57,1.17811617293779e-53,"F-box protein 32"
"129","RPS2P32",14.9687066110171,1.34217973124418,0.381560873959111,3.51760314761208,0.000435463072874946,0.00426070732087447,"ribosomal protein S2 pseudogene 32"
"130","POU2F3",119.019713128145,1.23332050721611,0.163332692585009,7.55097150299045,4.32023372448063e-14,3.95684191309868e-12,"POU class 2 homeobox 3"
"131","ID3",1038.58211234181,-1.45213626332114,0.134753881654708,-10.7762110114355,4.45875658129901e-27,1.07537777479963e-24,"inhibitor of DNA binding 3, HLH protein"
"132","FOXN4",625.585226880877,1.16553179760674,0.107652038059642,10.8268437701198,2.56856750643417e-27,6.29995599756082e-25,"forkhead box N4"
"133","APOBEC3A",160.079500115668,1.40375027365446,0.274498042002884,5.11388082556784,3.15606516453237e-07,8.40376214169712e-06,"apolipoprotein B mRNA editing enzyme catalytic subunit 3A"
"134","DUSP8",302.452875983221,1.25444836049971,0.140647782726839,8.91907669057288,4.70191697227514e-19,7.01458149544264e-17,"dual specificity phosphatase 8"
"135","GDF15",7471.45184534369,1.75887200051895,0.110602666979254,15.9026183414625,6.0770794723552e-57,1.09926771305565e-53,"growth differentiation factor 15"
"136","SCG5",8.25689757456012,2.01165937953939,0.559216307399628,3.59728311374477,0.000321558425474691,0.00330019289010231,"secretogranin V"
"137","MIR4521",29.9703366023091,-1.13299047596647,0.357401002189749,-3.17008197801568,0.00152395935467949,0.011875722036385,"microRNA 4521"
"138","ABLIM2",57.6245860159896,1.14167796928728,0.236865623494452,4.81993947641804,1.43601780246058e-06,3.27769930905473e-05,"actin binding LIM protein family member 2"
"139","GPR132",21.4743330976884,1.67701942684449,0.356481557018463,4.70436518755903,2.5465707049864e-06,5.4193271576262e-05,"G protein-coupled receptor 132"
"140","NEDD9",1061.80733644683,1.34290098732502,0.110977237517145,12.1006885499159,1.04729030275484e-33,3.69642389540618e-31,"neural precursor cell expressed, developmentally down-regulated 9"
"141","DUSP7",666.668199890406,-1.11485999105502,0.120710541525208,-9.23581301987782,2.56331853068628e-20,4.52363200701964e-18,"dual specificity phosphatase 7"
"142","AURKB",63.0384536031538,-1.05836261688288,0.211561373109847,-5.00262690360474,5.65543287550578e-07,1.43578542353411e-05,"aurora kinase B"
"143","CPED1",22.4413030531839,1.12363164131998,0.363077630444226,3.09474213529822,0.00196984074491318,0.0145140353460482,"cadherin like and PC-esterase domain containing 1"
"144","ZNF488",69.18638020851,-1.0096578266509,0.199084525785928,-5.07150328567762,3.94685449980727e-07,1.03095544163738e-05,"zinc finger protein 488"
"145","CXCL1",4169.50794997215,1.21319078530912,0.148072556066246,8.19321836226259,2.54332148524381e-16,2.85305466767157e-14,"C-X-C motif chemokine ligand 1"
"146","DNASE1L3",28.8645529433484,-1.1534003841459,0.284198437701892,-4.05843323233096,4.94030537130592e-05,0.000679573755020608,"deoxyribonuclease 1 like 3"
"147","CD200",19.6903008441189,1.20566574958496,0.408209933684226,2.95354338563846,0.00314148446656325,0.0210173008394067,"CD200 molecule"
"148","POC1A",437.719305533135,1.02708005458141,0.147422385582424,6.96692059705656,3.23953383539311e-12,2.33230319064546e-10,"POC1 centriolar protein A"
"149","SRF",2059.80295305343,1.34674910310336,0.0997300579927171,13.5039438481195,1.48224141424181e-41,8.93729812728883e-39,"serum response factor"
"150","PNMA6A",13.8072056149377,1.4246992282866,0.454326388129991,3.13584961276554,0.00171357049230821,0.0129963724288218,"PNMA family member 6A"
"151","FILIP1L",28.7820906933839,1.18719457002898,0.27527886154625,4.31269790698957,1.61274409643298e-05,0.000264303735214969,"filamin A interacting protein 1 like"
"152","C8orf88",22.8458036375192,1.09872472751758,0.314040362200174,3.4986736094045,0.000467578575578125,0.00450788112404467,"chromosome 8 open reading frame 88"
"153","NR4A1",1931.76626681423,3.07376933652179,0.278434018174255,11.0394891999084,2.46430056464187e-28,6.48379881289682e-26,"nuclear receptor subfamily 4 group A member 1"
"154","PRRT2",51.3906266604236,1.26424962617778,0.269537452320125,4.69044140358001,2.72616294725737e-06,5.75077317926552e-05,"proline rich transmembrane protein 2"
"155","NR4A3",197.193348221962,2.69908927709012,0.190494420208855,14.1688626581864,1.4279444109226e-45,1.14798797613672e-42,"nuclear receptor subfamily 4 group A member 3"
"156","LMCD1",90.2024310785823,1.67817856273959,0.199326274647689,8.41925413850123,3.78888699062306e-17,4.60747761691649e-15,"LIM and cysteine rich domains 1"
"157","TRPV3",15.8923151347686,1.20285634551911,0.45288370240863,2.65599388788292,0.00790750475819794,0.0439268719216439,"transient receptor potential cation channel subfamily V member 3"
"158","INHBA",64.2938073929958,1.32550055822315,0.26489433787243,5.00388407268071,5.61865540036473e-07,1.42895540067975e-05,"inhibin subunit beta A"
"159","KRT78",18.5041961744151,1.12940902104853,0.402505459971723,2.80594708237714,0.00501689305647687,0.0308539989036451,"keratin 78"
"160","HCG4B",23.722289166646,1.02051594097738,0.339755329248021,3.00367898050659,0.00266736606200214,0.0184598059699823,"HLA complex group 4B"
"161","CCDC158",9.03441555663279,1.69956840199075,0.60255651881038,2.82059582617443,0.00479345545337996,0.0297580840265386,"coiled-coil domain containing 158"
"162","CYGB",267.621560143697,1.04930862782415,0.13898380825058,7.5498623978723,4.35718345105976e-14,3.96558501385445e-12,"cytoglobin"
"163","AKAP12",306.659369619047,1.05765729697199,0.155603958285231,6.7971104888813,1.0673823913765e-11,7.18422817935321e-10,"A-kinase anchoring protein 12"
"164","ST7-OT4",27.6468939072442,-1.03510311780853,0.310963935626773,-3.32869184885441,0.000872548868825597,0.00756087106633246,"ST7 overlapping transcript 4"
"165","PLEKHO1",112.838324201229,1.32722165952285,0.173832171297799,7.63507496692967,2.25689063383324e-14,2.10706221691618e-12,"pleckstrin homology domain containing O1"
"166","AMPH",41.2940215634626,1.07690037788423,0.287318141100719,3.74811132272612,0.000178171176207313,0.0020081727420647,"amphiphysin"
"167","EGLN3",1755.39797919382,1.42792387045629,0.12137144294584,11.7649080854503,5.91907744340217e-32,2.03940404008269e-29,"egl-9 family hypoxia inducible factor 3"
"168","TUFT1",1870.06627216258,2.04517924055921,0.115446081297933,17.7154496503108,3.1867083104309e-70,2.30574279801228e-66,"tuftelin 1"
"169","CBX4",1201.51738009708,1.34166476121611,0.101898989961549,13.1666149166188,1.36585580918953e-39,7.32048126473398e-37,"chromobox 4"
"170","KCNJ5",63.5233478229013,-1.00257767974854,0.234061187159821,-4.2833999601308,1.84058875312383e-05,0.000294311158524364,"potassium voltage-gated channel subfamily J member 5"
"171","ARRDC4",1637.52599756626,-1.6091834089393,0.132897206350937,-12.1084818343735,9.52406215962106e-34,3.51402704397593e-31,"arrestin domain containing 4"
"172","FZD2",46.203184570714,-1.05091719725754,0.211097592187572,-4.97834762759276,6.41293999354715e-07,1.60279196280865e-05,"frizzled class receptor 2"
"173","UNC80",17.2667620388377,-1.45823849079702,0.457597360196776,-3.18672837223088,0.00143891840364197,0.0113846846468578,"unc-80 homolog, NALCN channel complex subunit"
"174","SPRR2F",13.1141131294166,1.94840987583399,0.460021623452524,4.23547454402449,2.28069540967976e-05,0.000352229917539763,"small proline rich protein 2F"
"175","GABRB2",17.88797763634,-1.26739099629067,0.370080819857513,-3.42463302145363,0.000615630381981744,0.00564204386172122,"gamma-aminobutyric acid type A receptor beta2 subunit"
"176","ITGA7",32.322139886205,1.13755156896514,0.285103921865668,3.98995412452138,6.60860759583957e-05,0.000878777438565479,"integrin subunit alpha 7"
"177","LCK",47.001059000525,1.3630313992047,0.214875915885197,6.34334189380691,2.24833701827686e-10,1.20950501827079e-08,"LCK proto-oncogene, Src family tyrosine kinase"
"178","A2ML1",61.0936084900525,-1.32242124437625,0.239173091576476,-5.52913889961322,3.2180647555944e-08,1.11943786245689e-06,"alpha-2-macroglobulin like 1"
"179","SLC25A25",1130.30904335593,1.43042420946783,0.110174784234761,12.983226782817,1.52325289766426e-38,7.11064280067727e-36,"solute carrier family 25 member 25"
"180","PRR32",152.49949779935,1.10527285460486,0.206766867045977,5.34550274130277,9.01664332940096e-08,2.80601818537121e-06,"proline rich 32"
"181","KLF6",2904.00220417771,1.18661610531295,0.0809640861460049,14.6560797731119,1.23182671568834e-48,1.273268885909e-45,"Kruppel like factor 6"
"182","AZU1",67.7024932630359,1.07142351929458,0.229844129079451,4.66152223937908,3.13879143175416e-06,6.42453335345324e-05,"azurocidin 1"
"183","CA9",309.502441052865,-1.11366551053442,0.180505580961501,-6.16970126132526,6.84191370827696e-10,3.28073130909145e-08,"carbonic anhydrase 9"
"184","LCP1",26.91642043634,2.2251717322448,0.375286473524438,5.92926174862495,3.04299685421165e-09,1.27638282542889e-07,"lymphocyte cytosolic protein 1"
"185","MAFF",1092.81195861782,1.57524165877325,0.130111411792414,12.1068677764135,9.71329429611204e-34,3.51402704397593e-31,"MAF bZIP transcription factor F"
"186","LOC729732",34.9427018286934,1.24002793643912,0.262607877117567,4.72197540321295,2.33564934606678e-06,5.05219457203773e-05,"uncharacterized LOC729732"
"187","LINC00260",12.6395505652058,-1.5944466179728,0.528285533233682,-3.01815309651403,0.00254320388545109,0.0177447943232221,"long intergenic non-protein coding RNA 260"
"188","FOSB",1495.17373942362,3.75095115647253,0.441538472695763,8.49518533135183,1.97617333027348e-17,2.48671341412065e-15,"FosB proto-oncogene, AP-1 transcription factor subunit"
"189","GLIPR1",160.915613411714,1.34902736854321,0.193513660918481,6.97122550490894,3.14191869271845e-12,2.28475906544365e-10,"GLI pathogenesis related 1"
"190","CARD17",65.1594852246176,1.00759635635088,0.312154274810735,3.22787940982646,0.00124711535386068,0.0101730587856358,"caspase recruitment domain family member 17"
"191","IL19",33.5936801468718,-1.38550389740426,0.263430833561257,-5.25945986912,1.44479154949614e-07,4.24088813646219e-06,"interleukin 19"
"192","S100A7",32.2122671979146,1.12919854933194,0.319731587454075,3.53170782506477,0.000412885276971598,0.00406959289609046,"S100 calcium binding protein A7"
"193","RASD1",61.7999252132176,1.49446589735114,0.231858940325494,6.44558236681811,1.15157364971583e-10,6.6657689140151e-09,"ras related dexamethasone induced 1"
"194","MIR3189",34.6774761356894,1.58318557113724,0.277658045482107,5.70192579288781,1.18461400112657e-08,4.53506592865146e-07,"microRNA 3189"
"195","CAND1.11",34.277892485618,1.55158938988888,0.321512274275363,4.82591028098668,1.3936524120115e-06,3.19646939443656e-05,"uncharacterized LOC100130460"
"196","RNF182",23.2371400038276,1.25480019359532,0.336925778159812,3.72426295324943,0.000195886671259719,0.00217302071158871,"ring finger protein 182"
"197","RASSF2",367.168865931492,1.22310145951304,0.166884709394028,7.32902051934067,2.31840891178653e-13,1.9171254492836e-11,"Ras association domain family member 2"
"198","BHLHE40",12353.3732090901,1.13607904534984,0.0865080716159324,13.1326363439663,2.14071877013428e-39,1.10636933295047e-36,"basic helix-loop-helix family member e40"
"199","OVOL1",671.45317937761,1.26047928584606,0.119221531558976,10.5725808867212,3.9935054810301e-26,8.89077197169024e-24,"ovo like transcriptional repressor 1"
"200","PHACTR3",32.6744525684364,1.50732409270943,0.343275704475774,4.39100138185225,1.12829823488155e-05,0.000194376235202034,"phosphatase and actin regulator 3"
"201","IL36G",57.015509416292,1.75592597125132,0.280999433191882,6.24885947742207,4.13460690068123e-10,2.07637589070317e-08,"interleukin 36 gamma"
"202","IL23A",27.8420215611795,1.12934178974278,0.31418673000334,3.59449232541036,0.00032502472520605,0.00333104305839713,"interleukin 23 subunit alpha"
"203","HNF4A",15.6221381001976,1.07180461341844,0.410716233254896,2.60959885837593,0.00906484500287442,0.0487285928813506,"hepatocyte nuclear factor 4 alpha"
"204","CENPA",25.1386930273148,-1.21938924447964,0.324240095690258,-3.76076019186875,0.000169397770092568,0.00193324537145864,"centromere protein A"
"205","TICRR",102.437311879559,-1.28458807657275,0.232121555030886,-5.53411800296541,3.12798340751703e-08,1.09335864469031e-06,"TOPBP1 interacting checkpoint and replication regulator"
"206","LYPD2",1240.7986772847,1.10040491413162,0.157888596434737,6.96950216152234,3.18064487444211e-12,2.30135559890259e-10,"LY6/PLAUR domain containing 2"
"207","GAS2",8.79852539980904,1.73720843632147,0.589834701969713,2.94524623681886,0.00322697734453873,0.0214998108438398,"growth arrest specific 2"
"208","SLC2A3",25.8080902819881,1.81256400082304,0.423768054162075,4.2772549346766,1.89212074013561e-05,0.000301219793514878,"solute carrier family 2 member 3"
"209","LOC101927248",45.3569342620889,-1.54099192268298,0.269476010615178,-5.7184753446702,1.07484108831442e-08,4.14774010373279e-07,"uncharacterized LOC101927248"
"210","SEC14L3",43.7216751056766,1.11810715092724,0.257521258814971,4.34180523997283,1.41316776534301e-05,0.000235598510740538,"SEC14 like lipid binding 3"
"211","HCAR3",357.993106508544,1.14226714596429,0.125689741411007,9.08799026190262,1.00886573308607e-19,1.64037033971781e-17,"hydroxycarboxylic acid receptor 3"
"212","POU5F2",13.742113166199,-1.11188186604105,0.40418534132749,-2.75092080872905,0.00594280079453084,0.035259643418473,"POU domain class 5, transcription factor 2"
"213","PIF1",15.1664971335587,-1.43068419873794,0.433491175346056,-3.30037675529571,0.000965551117404523,0.00822879282683207,"PIF1 5'-to-3' DNA helicase"
"214","SPRR2A",79.2200582299083,1.41084692086684,0.291660418093538,4.83729307558754,1.31619289703679e-06,3.03290245430245e-05,"small proline rich protein 2A"
"215","LOC283299",17.3709867158846,1.19839661669226,0.432053542968359,2.77372246147747,0.00554189351864948,0.0333458382987013,"uncharacterized LOC283299"
"216","NRARP",692.490181100393,-1.33994840889117,0.091011367133272,-14.722868704181,4.59736577975381e-49,5.11757539990903e-46,"NOTCH regulated ankyrin repeat protein"
"217","LIF",761.781734535716,2.29944757410962,0.169385613555758,13.5752235732387,5.61720423695329e-42,3.5341983701283e-39,"LIF interleukin 6 family cytokine"
"218","SLCO4A1",85.1434562014907,1.01591029585547,0.257564063902217,3.9443013922981,8.00329507836514e-05,0.00103591845330073,"solute carrier organic anion transporter family member 4A1"
"219","ANGPTL4",798.817406782746,2.37991358966414,0.153011816908831,15.5537894898808,1.4996382221935e-54,2.17012647133621e-51,"angiopoietin like 4"
"220","FIBCD1",31.3449793246663,1.15528425783071,0.248772097924436,4.64394627640928,3.41816480611668e-06,6.92776791446982e-05,"fibrinogen C domain containing 1"
"221","VASN",366.891456245353,1.39861779659891,0.156537909427924,8.93469065551105,4.08318989829032e-19,6.21977273875361e-17,"vasorin"
"222","FOS",1681.80462924214,1.10653358622092,0.128283680495275,8.62567695242945,6.37146369893837e-18,8.62632208992114e-16,"Fos proto-oncogene, AP-1 transcription factor subunit"
"223","CADM1",41.3061541837405,1.1478368202148,0.273840419652164,4.19162672067476,2.76961419408563e-05,0.000416622526014689,"cell adhesion molecule 1"
"224","TACR1",16.9086340495265,1.43693445292274,0.442684861024219,3.24595345230053,0.00117057977436205,0.00965761682713412,"tachykinin receptor 1"
"225","ATP2B3",15.4125042351894,1.71589496881051,0.405617927926291,4.23032329360531,2.33355693018005e-05,0.000359626222967364,"ATPase plasma membrane Ca2+ transporting 3"
"226","PGF",188.688728874471,1.35878149109518,0.233825367470058,5.81109528789334,6.20654217027594e-09,2.47423889107612e-07,"placental growth factor"
"227","OSR1",105.886528249982,-1.0811971877063,0.174815026194181,-6.18480694277007,6.21785175849951e-10,3.05011975583886e-08,"odd-skipped related transcription factor 1"
"228","PPP1R3B",799.267303652586,1.37597082270081,0.0974059609170929,14.126145974495,2.62101157334285e-45,1.89643292389222e-42,"protein phosphatase 1 regulatory subunit 3B"
"229","CXCL8",2970.044830673,1.77367918027491,0.278172488264061,6.37618475983578,1.81553884663299e-10,1.00277338357351e-08,"C-X-C motif chemokine ligand 8"
"230","MIR221",24.5794402749534,1.26160822568501,0.327084032188495,3.85713792643341,0.000114722434359819,0.00140452482878252,"microRNA 221"
"231","MIR210HG",335.747629989806,1.08736023708957,0.130514892370009,8.33131160241011,7.9951588808109e-17,9.33047936808182e-15,"MIR210 host gene"
"232","RNF223",72.4563811013437,1.02429412129292,0.249842329134475,4.09976213735025,4.13574985662625e-05,0.000585028701615234,"ring finger protein 223"
"233","WEE1",1401.55244375516,1.26857464820404,0.118874331983632,10.6715606896425,1.38283931859533e-26,3.22759157732145e-24,"WEE1 G2 checkpoint kinase"
"234","ZFP57",57.2464284065273,1.0713292918233,0.229772798963091,4.66255926140059,3.12301114763799e-06,6.41036798829353e-05,"ZFP57 zinc finger protein"
"235","FLT1",28.0935171625487,-1.70017854976332,0.549362410505694,-3.09482140978355,0.00196931435451095,0.0145140353460482,"fms related tyrosine kinase 1"
"236","PLAUR",715.511860172991,1.06717403984591,0.156168498599302,6.83347825853193,8.28800625086828e-12,5.68415822067843e-10,"plasminogen activator, urokinase receptor"
"237","MIR429",33.7138076700342,-1.08859128552081,0.364818934275897,-2.9839221138055,0.00284579201412929,0.0194711377004563,"microRNA 429"
"238","INSC",12.2570992448037,1.6044006270529,0.586408746592799,2.73597663127456,0.00621954426363101,0.0365865955443107,"INSC spindle orientation adaptor protein"
"239","FGF5",9.7829993231929,1.48228451129773,0.549225933899868,2.69886110579763,0.00695772081818426,0.0398279976107375,"fibroblast growth factor 5"
"240","ERRFI1",2907.4045312146,2.07813780891344,0.0846560351621382,24.5480172197206,4.54109234219247e-133,6.57141472838673e-129,"ERBB receptor feedback inhibitor 1"
"241","CBS",201.361528226854,1.07542886360777,0.219249991205087,4.90503492244982,9.34107183265741e-07,2.24170232985714e-05,"cystathionine-beta-synthase"
"242","MMP1",129.042885795301,1.86188637168365,0.38121845399303,4.8840405079595,1.03933708158843e-06,2.47372482033983e-05,"matrix metallopeptidase 1"
"243","STC2",217.462118831739,1.19201008382568,0.182012270669533,6.5490644089042,5.78986581077539e-11,3.55021814185299e-09,"stanniocalcin 2"
"244","MKI67",1426.19403837358,-1.32540854054829,0.14445623338448,-9.17515644354801,4.50919230102809e-20,7.58750253350901e-18,"marker of proliferation Ki-67"
"245","GLYATL2",15.5489278565342,1.4955592012361,0.563997542352082,2.65171226633198,0.00800847564942648,0.0443685494344757,"glycine-N-acyltransferase like 2"
"246","HILPDA",1219.27953778394,1.69250222832559,0.124294183169512,13.6169061589742,3.1774578394765e-42,2.09004510886657e-39,"hypoxia inducible lipid droplet associated"
"247","CCNA2",136.803260548402,-1.0148610072756,0.197902203428357,-5.12809352141949,2.92691044241602e-07,7.8581300579225e-06,"cyclin A2"
"248","FERMT2",165.373313002342,1.37523256373739,0.149559025344054,9.19524957169069,3.74125103855802e-20,6.42839492717921e-18,"fermitin family member 2"
"249","SMCO2",8.6029343684174,1.50945562655805,0.572453299637956,2.63681880690128,0.00836875198806736,0.0457861841096492,"single-pass membrane protein with coiled-coil domains 2"
"250","CXCL10",1196.82482038476,1.88050253740193,0.502314338332268,3.74367680533543,0.000181346889372817,0.00203906047872108,"C-X-C motif chemokine ligand 10"
"251","CCNE2",42.5553751176297,-1.01614490566511,0.332081114094109,-3.05992982599168,0.00221388857519288,0.015954771699012,"cyclin E2"
"252","NEK2",792.487317965124,1.05204501477056,0.148550740278612,7.08205837815023,1.420287970914e-12,1.07046808474461e-10,"NIMA related kinase 2"
"253","STX11",215.81340979089,1.01847177628364,0.148125503638542,6.87573544910216,6.16708557879071e-12,4.3322279325573e-10,"syntaxin 11"
"254","MIR5188",8.26711364596903,1.9438477961486,0.565418831410229,3.43789008813235,0.000586265612643942,0.00540372591119139,"microRNA 5188"
"255","TNFRSF9",11.1486492202223,1.38930135023772,0.419086537606253,3.31507033886882,0.000916200675166009,0.00786378408678963,"TNF receptor superfamily member 9"
"256","CSRNP1",913.922635814154,1.44739737215319,0.123847614297697,11.6869217090774,1.48678268394832e-31,4.88982550441276e-29,"cysteine and serine rich nuclear protein 1"
"257","S1PR5",145.182098097649,-1.24605596930981,0.173588869830979,-7.1782019810549,7.06341582052208e-13,5.49541345907393e-11,"sphingosine-1-phosphate receptor 5"
"258","FZD8",639.014454708184,1.81252349818295,0.144598594226159,12.534862512896,4.81195235375795e-36,1.98953607174946e-33,"frizzled class receptor 8"
"259","ANKRD53",60.801734423904,1.04103447488558,0.20371458251122,5.11025996299624,3.21715823500403e-07,8.52664776900061e-06,"ankyrin repeat domain 53"
"260","HCG27",28.3645354846411,1.62860305836239,0.369874147412834,4.40312757664738,1.06701376931551e-05,0.000185586012689481,"HLA complex group 27"
